{"cameraMode":{"drawMode":0,"name":"Shaded","section":"Shading Mode"},"sceneLighting":false,"audioPlay":false,"sceneViewState":{"showFog":true,"showMaterialUpdate":false,"showSkybox":false,"showFlares":true,"showImageEffects":true,"showParticleSystems":true,"showVisualEffectGraphs":true,"m_FxEnabled":true},"in2DMode":false,"pivot":{"x":0.14386078715324403,"y":0.21364648640155793,"z":3.6298329830169679},"rotation":{"x":0.20803844928741456,"y":-0.5359361171722412,"z":0.13824677467346192,"w":0.8064544200897217},"size":0.42511698603630068,"orthographic":false}