{"cameraMode":{"drawMode":0,"name":"Shaded","section":"Shading Mode"},"sceneLighting":false,"audioPlay":false,"sceneViewState":{"showFog":true,"showMaterialUpdate":false,"showSkybox":false,"showFlares":true,"showImageEffects":true,"showParticleSystems":true,"showVisualEffectGraphs":true,"m_FxEnabled":true},"in2DMode":false,"pivot":{"x":56.81686019897461,"y":224.57138061523438,"z":-295.7148132324219},"rotation":{"x":0.28656047582626345,"y":-0.20074672996997834,"z":0.06153466925024986,"w":0.9347755312919617},"size":0.42633676528930666,"orthographic":false}