{"cameraMode":{"drawMode":0,"name":"Shaded","section":"Shading Mode"},"sceneLighting":true,"audioPlay":false,"sceneViewState":{"showFog":true,"showMaterialUpdate":false,"showSkybox":true,"showFlares":true,"showImageEffects":true,"showParticleSystems":true,"showVisualEffectGraphs":true,"m_FxEnabled":true},"in2DMode":false,"pivot":{"x":-17.792625427246095,"y":2.1496381759643556,"z":8.473213195800782},"rotation":{"x":0.030944017693400384,"y":-0.48196908831596377,"z":0.01703331060707569,"w":0.8754866123199463},"size":27.496566772460939,"orthographic":false}