{"cameraMode":{"drawMode":0,"name":"Shaded","section":"Shading Mode"},"sceneLighting":true,"audioPlay":false,"sceneViewState":{"showFog":true,"showMaterialUpdate":false,"showSkybox":true,"showFlares":true,"showImageEffects":true,"showParticleSystems":true,"showVisualEffectGraphs":true,"m_FxEnabled":true},"in2DMode":false,"pivot":{"x":402.55499267578127,"y":1001.7332763671875,"z":202.0318603515625},"rotation":{"x":0.04465019330382347,"y":0.015147488564252854,"z":-0.00023277026775758713,"w":0.9994128942489624},"size":873.1778564453125,"orthographic":false}