{"cameraMode":{"drawMode":0,"name":"Shaded","section":"Shading Mode"},"sceneLighting":true,"audioPlay":false,"sceneViewState":{"showFog":true,"showMaterialUpdate":false,"showSkybox":true,"showFlares":true,"showImageEffects":true,"showParticleSystems":true,"showVisualEffectGraphs":true,"m_FxEnabled":true},"in2DMode":false,"pivot":{"x":-4.9484968185424809,"y":16.902223587036134,"z":4.656453609466553},"rotation":{"x":-0.09348094463348389,"y":0.6531612277030945,"z":0.08174142986536026,"w":0.7469676733016968},"size":10.407719612121582,"orthographic":false}