{"cameraMode":{"drawMode":0,"name":"Shaded","section":"Shading Mode"},"sceneLighting":false,"audioPlay":false,"sceneViewState":{"showFog":true,"showMaterialUpdate":false,"showSkybox":false,"showFlares":true,"showImageEffects":true,"showParticleSystems":true,"showVisualEffectGraphs":true,"m_FxEnabled":true},"in2DMode":false,"pivot":{"x":222.05523681640626,"y":378.9461975097656,"z":-623.0844116210938},"rotation":{"x":0.03165286034345627,"y":0.9227097630500794,"z":-0.37635964155197146,"w":0.0775897353887558},"size":0.012271936982870102,"orthographic":false}