{"cameraMode":{"drawMode":0,"name":"Shaded","section":"Shading Mode"},"sceneLighting":false,"audioPlay":false,"sceneViewState":{"showFog":true,"showMaterialUpdate":false,"showSkybox":false,"showFlares":true,"showImageEffects":true,"showParticleSystems":true,"showVisualEffectGraphs":true,"m_FxEnabled":true},"in2DMode":false,"pivot":{"x":-0.2698993980884552,"y":0.32117363810539248,"z":3.923128366470337},"rotation":{"x":0.2054716944694519,"y":0.02054954692721367,"z":-0.004297489766031504,"w":0.9783917665481567},"size":0.5560969710350037,"orthographic":false}