{"cameraMode":{"drawMode":0,"name":"Shaded","section":"Shading Mode"},"sceneLighting":false,"audioPlay":false,"sceneViewState":{"showFog":true,"showMaterialUpdate":false,"showSkybox":false,"showFlares":true,"showImageEffects":true,"showParticleSystems":true,"showVisualEffectGraphs":true,"m_FxEnabled":true},"in2DMode":false,"pivot":{"x":-0.3299283981323242,"y":0.10856615006923676,"z":4.788540840148926},"rotation":{"x":0.19837813079357148,"y":-0.16089056432247163,"z":0.033044204115867618,"w":0.9662230610847473},"size":0.5560969710350037,"orthographic":false}