{"cameraMode":{"drawMode":0,"name":"Shaded","section":"Shading Mode"},"sceneLighting":false,"audioPlay":false,"sceneViewState":{"showFog":true,"showMaterialUpdate":false,"showSkybox":false,"showFlares":true,"showImageEffects":true,"showParticleSystems":true,"showVisualEffectGraphs":true,"m_FxEnabled":true},"in2DMode":false,"pivot":{"x":-13.072698593139649,"y":2.3945226669311525,"z":-1.6111171245574952},"rotation":{"x":0.23884299397468568,"y":0.6588553190231323,"z":-0.23339825868606568,"w":0.6740310788154602},"size":0.5560969710350037,"orthographic":false}