{"cameraMode":{"drawMode":0,"name":"Shaded","section":"Shading Mode"},"sceneLighting":false,"audioPlay":false,"sceneViewState":{"showFog":true,"showMaterialUpdate":false,"showSkybox":false,"showFlares":true,"showImageEffects":true,"showParticleSystems":true,"showVisualEffectGraphs":true,"m_FxEnabled":true},"in2DMode":false,"pivot":{"x":-0.047302525490522388,"y":0.2954767346382141,"z":-0.15878242254257203},"rotation":{"x":-0.3237881362438202,"y":-0.05474337935447693,"z":0.018766222521662713,"w":-0.9443437457084656},"size":0.024744868278503419,"orthographic":false}