{"cameraMode":{"drawMode":0,"name":"Shaded","section":"Shading Mode"},"sceneLighting":false,"audioPlay":false,"sceneViewState":{"showFog":true,"showMaterialUpdate":false,"showSkybox":false,"showFlares":true,"showImageEffects":true,"showParticleSystems":true,"showVisualEffectGraphs":true,"m_FxEnabled":true},"in2DMode":false,"pivot":{"x":0.013389304280281067,"y":-0.4966771602630615,"z":5.958268165588379},"rotation":{"x":-0.008523999713361264,"y":0.9641022086143494,"z":-0.2634432911872864,"w":-0.03121897764503956},"size":0.5553293824195862,"orthographic":false}