{"cameraMode":{"drawMode":0,"name":"Shaded","section":"Shading Mode"},"sceneLighting":false,"audioPlay":false,"sceneViewState":{"showFog":true,"showMaterialUpdate":false,"showSkybox":false,"showFlares":true,"showImageEffects":true,"showParticleSystems":true,"showVisualEffectGraphs":true,"m_FxEnabled":true},"in2DMode":false,"pivot":{"x":-0.15809012949466706,"y":-0.2773543894290924,"z":5.231220245361328},"rotation":{"x":0.28155794739723208,"y":0.22301796078681947,"z":-0.06745148450136185,"w":0.9307896494865418},"size":0.5553293824195862,"orthographic":false}