{"cameraMode":{"drawMode":0,"name":"Shaded","section":"Shading Mode"},"sceneLighting":false,"audioPlay":false,"sceneViewState":{"showFog":true,"showMaterialUpdate":false,"showSkybox":false,"showFlares":true,"showImageEffects":true,"showParticleSystems":true,"showVisualEffectGraphs":true,"m_FxEnabled":true},"in2DMode":false,"pivot":{"x":-1.5399999618530274,"y":1.5299999713897706,"z":4.980000019073486},"rotation":{"x":0.15826019644737245,"y":0.013397728092968464,"z":-0.0010037159081548453,"w":0.9875284433364868},"size":0.8660253882408142,"orthographic":false}